name,email,role,password
Madison Jackson,madison.jackson@xyz-company.com,DevEngineer,Y7zC03gRiA@
Andrea Wilkinson,andrea.wilkinson@xyz-company.com,DevEngineer,ugcdecDbar@
April Cox,april.cox@xyz-company.com,Trainee,uPPI8oDq7u@
Rachel Smith,rachel.smith@xyz-company.com,LinuxAdmin,JaGO7j1u34#
Casey Johnson,casey.johnson@xyz-company.com,DBA,8JPIDlZOaf#
James Eaton,james.eaton@xyz-company.com,Trainee,jixN8VbWO4#
Edward Decker,edward.decker@xyz-company.com,LinuxAdmin,UOuH2ecPZy#
Justin Brown,justin.brown@xyz-company.com,DevEngineer,sAFojr4ywi#
Casey Ritter,casey.ritter@xyz-company.com,CloudAdmin,Ioc9iK#SbE#
David Walker,david.walker@xyz-company.com,DBA,pND4OsTudq@
Miguel Little,miguel.little@xyz-company.com,Trainee,fqm9XrDiDH@#
Victor Gardner,victor.gardner@xyz-company.com,LinuxAdmin,5vzN#6qc#$
Jerry Barnes,jerry.barnes@xyz-company.com,CloudAdmin,ZK#5VUIUlj
Debra Hernandez,debra.hernandez@xyz-company.com,LinuxAdmin,ZzLMX#xu#L
Michelle Walters,michelle.walters@xyz-company.com,LinuxAdmin,31FnQszQNO!
Shannon Baker,shannon.baker@xyz-company.com,CloudAdmin,wNNZBYSxv0!
Doris Frost,doris.frost@xyz-company.com,DevEngineer,gNEcTd9B1p!
Austin Harper,austin.harper@xyz-company.com,DevEngineer,dToW9ROcpE!
Kimberly Curtis,kimberly.curtis@xyz-company.com,DevEngineer,$xgcMog$4f
Anthony Flores,anthony.flores@xyz-company.com,CloudAdmin,RB3ntfFnPy@
William Harris,william.harris@xyz-company.com,LinuxAdmin,K9shAHsvPM#
Amber Taylor,amber.taylor@xyz-company.com,Trainee,RQ8uDRy472@
Mark Sullivan,mark.sullivan@xyz-company.com,Trainee,HXPB88I0I7@
Angela Mitchell,angela.mitchell@xyz-company.com,DBA,ZIPh#VypH$
Ashley Santiago,ashley.santiago@xyz-company.com,DevEngineer,jKQyJR$Yz7
Tiffany Moss,tiffany.moss@xyz-company.com,DBA,$0eNRmaAo0
Tricia Booth,tricia.booth@xyz-company.com,DevEngineer,z#oqJWXNQu
Sean Bowen,sean.bowen@xyz-company.com,DBA,o#YpcIjIMu
William Randolph,william.randolph@xyz-company.com,CloudAdmin,HjciWJd1$w!
Richard Woods,richard.woods@xyz-company.com,CloudAdmin,hiO9xF8ApU!
Sandra Cook,sandra.cook@xyz-company.com,CloudAdmin,nyuQeye1Cj!
Roger Brown,roger.brown@xyz-company.com,DBA,nIo#2ctPzO
Adrienne Johnson,adrienne.johnson@xyz-company.com,DevEngineer,5uqvUxR2vk!
Paul Matthews,paul.matthews@xyz-company.com,Trainee,Rs@HWl@ukS
James Rogers,james.rogers@xyz-company.com,Trainee,v1eZbcGHeY!
Heather Chambers,heather.chambers@xyz-company.com,Trainee,xz3RYqfepo!
Mark Fisher,mark.fisher@xyz-company.com,DBA,xvny6ZkG4A@
Jordan Dalton,jordan.dalton@xyz-company.com,CloudAdmin,aJyz4W#UlA
John Owen,john.owen@xyz-company.com,DBA,A@kTxmUtW6
Marc Herrera,marc.herrera@xyz-company.com,DBA,iPaA@rsZni
Jonathon Evans,jonathon.evans@xyz-company.com,Trainee,W@kKBAfZob
Preston Rivera,preston.rivera@xyz-company.com,LinuxAdmin,WOj1qbRUBe#
Todd Gordon,todd.gordon@xyz-company.com,CloudAdmin,TVxfrpnGR3#
Lance Morris,lance.morris@xyz-company.com,DevEngineer,DOCDJFgUkY#
Nancy Russo,nancy.russo@xyz-company.com,DevEngineer,POxexY7Xob#
Sabrina Wilson,sabrina.wilson@xyz-company.com,DBA,zm1El9ilSV#
Alexis Torres,alexis.torres@xyz-company.com,DBA,82dE@3Tofp#
Theresa Nguyen,theresa.nguyen@xyz-company.com,CloudAdmin,uDJ49l0rxK#
Kayla Hanson,kayla.hanson@xyz-company.com,Trainee,TgETXVSPSv@
Patrick Roberts,patrick.roberts@xyz-company.com,DBA,V3ibwr$FRQ
Daniel Waller,daniel.waller@xyz-company.com,Trainee,gIevxu7pIH@
John Craig,john.craig@xyz-company.com,DBA,eUebVXp9A@
Edward Gibson,edward.gibson@xyz-company.com,Trainee,gUtiCkygwI#
Joanne Sutton,joanne.sutton@xyz-company.com,Trainee,5QvKbEaqE7#
Brittany Baxter,brittany.baxter@xyz-company.com,DBA,fTo8Ce2zko#
Vanessa Boyle,vanessa.boyle@xyz-company.com,Trainee,v6KVifYAt4#
April Evans,april.evans@xyz-company.com,CloudAdmin,mDrwmzZmC8#
Kenneth Palmer,kenneth.palmer@xyz-company.com,Trainee,b2KEtzLp8o#
Zachary Houston,zachary.houston@xyz-company.com,DevEngineer,IPwOPn0GUX@
Gabriel Finley,gabriel.finley@xyz-company.com,CloudAdmin,T7i6jVWp7h##
Samuel Kennedy,samuel.kennedy@xyz-company.com,Trainee,eaqr5hJ5l8$
Karen Keller,karen.keller@xyz-company.com,DevEngineer,XHixS3Z7qj#
Robert Dean,robert.dean@xyz-company.com,LinuxAdmin,nTTqOQOhJ$
Brandon Clark,brandon.clark@xyz-company.com,LinuxAdmin,fZR8VwG0WI$
Brett Davis,brett.davis@xyz-company.com,Trainee,xmDXdAlfwR!
Leslie Tran,leslie.tran@xyz-company.com,CloudAdmin,9ygSRFiaKQ!
Paul Roach,paul.roach@xyz-company.com,LinuxAdmin,IiYdwg2Qnm!
Derek Sandoval,derek.sandoval@xyz-company.com,DBA,qrZCCzCuho!
Amber Morales,amber.morales@xyz-company.com,DevEngineer,6tEoTaR8GO!
Justin Baldwin,justin.baldwin@xyz-company.com,Trainee,wDAdW7EzA9!
Heather Turner,heather.turner@xyz-company.com,DBA,vxKpzKWhCZ!
Erin Lawrence,erin.lawrence@xyz-company.com,DevEngineer,ypXZ1$EI6p
Stephen Perez,stephen.perez@xyz-company.com,DevEngineer,Z#Ib4N4Fhq
Christine Petersen,christine.petersen@xyz-company.com,Trainee,nzj3@PJdkW
Tiffany Keith,tiffany.keith@xyz-company.com,DevEngineer,fKwUNxbXBH!
Brandon Williams,brandon.williams@xyz-company.com,DevEngineer,xflr3nGzSG!
John Cardenas,john.cardenas@xyz-company.com,Trainee,E0bujJ2RRx!
Jeremy Morris,jeremy.morris@xyz-company.com,DevEngineer,1W5uE03Z6D!
Kimberly Hayes,kimberly.hayes@xyz-company.com,DevEngineer,4I8#LEPIhD
Melissa Evans,melissa.evans@xyz-company.com,LinuxAdmin,z@2WMyBkda!
Sara Brown,sara.brown@xyz-company.com,Trainee,vKGb$WMGE9
Kim Mathews,kim.mathews@xyz-company.com,DevEngineer,lzDoKoxPvK!
Evan Ramsey,evan.ramsey@xyz-company.com,DBA,I4SyC#$gUL
Thomas Edwards,thomas.edwards@xyz-company.com,CloudAdmin,KBMzZmvJL6!
Heather Garner,heather.garner@xyz-company.com,Trainee,kbASfbarPi!
Amanda Crawford,amanda.crawford@xyz-company.com,DBA,ZxfpEtbpSC!
Joshua Collins,joshua.collins@xyz-company.com,DBA,oauIR43m$K
Ryan Allen,ryan.allen@xyz-company.com,DevEngineer,Fc#1ml#7wN
Denise Moore,denise.moore@xyz-company.com,LinuxAdmin,BlPAZzuQff!
Danielle Blackburn,danielle.blackburn@xyz-company.com,DBA,JHlJzHMoPT!
Karen Thornton,karen.thornton@xyz-company.com,DevEngineer,yXu@ElhfGl
Matthew Soto,matthew.soto@xyz-company.com,LinuxAdmin,H7zOPqbEcF!
Susan Kelley,susan.kelley@xyz-company.com,CloudAdmin,rbrKiCcGAA!
Victoria Adams,victoria.adams@xyz-company.com,LinuxAdmin,ZsxLGQfEUs!
Marc Robertson,marc.robertson@xyz-company.com,LinuxAdmin,1QR85k7AX$
Joel Nichols,joel.nichols@xyz-company.com,DevEngineer,Wrv0pspMDG!
John Williams,john.williams@xyz-company.com,CloudAdmin,oG@RwP7udX!
Kathryn Garcia,kathryn.garcia@xyz-company.com,CloudAdmin,YIciOgn86X!
Tammy Meyer,tammy.meyer@xyz-company.com,LinuxAdmin,$@2MfgV8gO
Michael Herrera,michael.herrera@xyz-company.com,LinuxAdmin,qXJ70VK5Y4!
